online;opt;konk
60;55;1.0909090909090908
70;59;1.1864406779661016
66;52;1.2692307692307692
45;42;1.0714285714285714
54;46;1.173913043478261
37;35;1.0571428571428572
72;55;1.309090909090909
68;59;1.152542372881356
66;60;1.1
50;44;1.1363636363636365
