online;opt;konk
55;47;1.1702127659574468
62;51;1.2156862745098038
57;52;1.0961538461538463
58;52;1.1153846153846154
65;57;1.1403508771929824
66;59;1.11864406779661
57;53;1.0754716981132075
58;51;1.1372549019607843
61;54;1.1296296296296295
47;43;1.0930232558139534
