online;opt;konk
42;40;1.05
69;60;1.15
49;44;1.1136363636363635
58;50;1.16
65;56;1.1607142857142858
56;51;1.0980392156862746
75;59;1.271186440677966
54;49;1.1020408163265305
66;59;1.11864406779661
51;46;1.108695652173913
