online;opt;konk
54;47;1.148936170212766
55;51;1.0784313725490196
58;54;1.0740740740740742
67;59;1.1355932203389831
46;43;1.069767441860465
51;45;1.1333333333333333
65;55;1.1818181818181819
57;50;1.14
59;52;1.1346153846153846
38;36;1.0555555555555556
