online;opt;konk
57;52;1.0961538461538463
63;56;1.125
58;48;1.2083333333333333
51;44;1.1590909090909092
70;59;1.1864406779661016
49;44;1.1136363636363635
57;49;1.163265306122449
56;52;1.0769230769230769
50;46;1.0869565217391304
60;52;1.1538461538461537
