online;opt;konk
57;49;1.163265306122449
62;51;1.2156862745098038
54;47;1.148936170212766
52;44;1.1818181818181819
50;40;1.25
52;44;1.1818181818181819
62;51;1.2156862745098038
72;59;1.2203389830508475
41;37;1.1081081081081081
69;59;1.1694915254237288
