online;opt;konk
69;60;1.15
58;50;1.16
56;47;1.1914893617021276
47;41;1.146341463414634
54;48;1.125
64;53;1.2075471698113207
47;42;1.119047619047619
55;45;1.2222222222222223
69;57;1.2105263157894737
61;53;1.150943396226415
