online;opt;konk
50;47;1.0638297872340425
43;40;1.075
48;45;1.0666666666666667
60;55;1.0909090909090908
63;53;1.1886792452830188
59;52;1.1346153846153846
62;53;1.169811320754717
53;47;1.127659574468085
68;57;1.1929824561403508
57;49;1.163265306122449
