online;opt;konk
67;55;1.2181818181818183
62;53;1.169811320754717
55;51;1.0784313725490196
57;51;1.1176470588235294
59;50;1.18
61;54;1.1296296296296295
59;52;1.1346153846153846
49;44;1.1136363636363635
54;46;1.173913043478261
56;51;1.0980392156862746
