online;opt;konk
53;46;1.1521739130434783
55;48;1.1458333333333333
55;47;1.1702127659574468
54;47;1.148936170212766
47;40;1.175
48;43;1.1162790697674418
57;44;1.2954545454545454
46;42;1.0952380952380953
63;56;1.125
65;54;1.2037037037037037
