online;opt;konk
71;52;1.3653846153846154
64;53;1.2075471698113207
59;45;1.3111111111111111
51;40;1.275
65;52;1.25
66;50;1.32
50;40;1.25
64;49;1.3061224489795917
71;55;1.290909090909091
63;48;1.3125
