online;opt;konk
25;24;1.0416666666666667
55;45;1.2222222222222223
62;50;1.24
60;50;1.2
73;59;1.2372881355932204
62;55;1.1272727272727272
54;48;1.125
35;32;1.09375
64;52;1.2307692307692308
42;37;1.135135135135135
