online;opt;konk
63;49;1.2857142857142858
71;54;1.3148148148148149
67;49;1.3673469387755102
65;47;1.3829787234042554
65;51;1.2745098039215685
60;45;1.3333333333333333
65;51;1.2745098039215685
76;57;1.3333333333333333
64;50;1.28
54;44;1.2272727272727273
