online;opt;konk
48;42;1.1428571428571428
53;47;1.127659574468085
63;52;1.2115384615384615
53;46;1.1521739130434783
50;46;1.0869565217391304
51;48;1.0625
70;58;1.206896551724138
33;31;1.064516129032258
62;52;1.1923076923076923
61;55;1.1090909090909091
