online;opt;konk
59;48;1.2291666666666667
59;47;1.2553191489361701
66;50;1.32
71;58;1.2241379310344827
68;54;1.2592592592592593
65;52;1.25
77;55;1.4
53;43;1.2325581395348837
68;52;1.3076923076923077
65;47;1.3829787234042554
