online;opt;konk
57;51;1.1176470588235294
66;61;1.0819672131147542
71;60;1.1833333333333333
65;55;1.1818181818181819
62;51;1.2156862745098038
67;56;1.1964285714285714
56;48;1.1666666666666667
60;48;1.25
78;64;1.21875
48;42;1.1428571428571428
