online;opt;konk
51;45;1.1333333333333333
55;46;1.1956521739130435
74;57;1.2982456140350878
55;47;1.1702127659574468
57;45;1.2666666666666666
72;58;1.2413793103448276
58;51;1.1372549019607843
50;44;1.1363636363636365
62;55;1.1272727272727272
54;49;1.1020408163265305
