online;opt;konk
60;53;1.1320754716981132
47;42;1.119047619047619
57;51;1.1176470588235294
63;54;1.1666666666666667
57;51;1.1176470588235294
55;49;1.1224489795918366
59;52;1.1346153846153846
41;38;1.0789473684210527
50;47;1.0638297872340425
61;55;1.1090909090909091
