online;opt;konk
53;48;1.1041666666666667
40;37;1.0810810810810811
67;53;1.2641509433962264
49;43;1.1395348837209303
41;36;1.1388888888888888
62;53;1.169811320754717
61;53;1.150943396226415
64;54;1.1851851851851851
65;53;1.2264150943396226
53;45;1.1777777777777778
